example_id,bucket,split,gold,cot_pred,astar_pred,cot_correct,astar_correct,failure_category,selected_rescue,selected_preserve,selected_answer_only
logicqa_0003f347c203,both_wrong,dev,D,A,A,False,False,logical_constraints,False,False,False
logicqa_011b2324a9e8,both_wrong,train,D,A,A,False,False,logical_constraints,False,False,False
logicqa_011fa34dfc75,both_wrong,train,D,B,A,False,False,inference_selection,False,False,False
logicqa_0147f287be70,both_wrong,train,D,A,A,False,False,inference_selection,False,False,False
logicqa_0274a2ff7d9f,both_wrong,train,C,D,A,False,False,logical_constraints,False,False,False
logicqa_029ff77f705b,both_wrong,train,C,A,A,False,False,logical_constraints,False,False,False
logicqa_02d2a7c1e1d7,both_wrong,dev,B,A,A,False,False,logical_constraints,False,False,False
logicqa_038c26844f52,both_wrong,train,D,A,A,False,False,other,False,False,False
logicqa_04057d952188,both_correct,train,A,A,A,True,True,logical_constraints,False,True,False
logicqa_0409fb744c44,both_correct,dev,A,A,A,True,True,logical_constraints,False,False,False
logicqa_06323f459666,cot_only,train,C,C,A,True,False,logical_constraints,False,True,False
logicqa_06fe9ed00744,both_wrong,train,D,A,A,False,False,logical_constraints,False,False,False
logicqa_0706eaf0f42d,both_wrong,train,C,A,A,False,False,logical_constraints,False,False,False
logicqa_075a82f6601d,both_wrong,train,D,A,A,False,False,inference_selection,False,False,False
logicqa_07b96cc01f6f,both_wrong,train,A,C,D,False,False,inference_selection,False,False,False
logicqa_0884113f74a9,cot_only,train,A,A,B,True,False,logical_constraints,False,True,True
logicqa_08bbdad0a39c,both_wrong,train,B,A,A,False,False,logical_constraints,False,False,False
logicqa_094d61552f0b,both_wrong,dev,C,D,A,False,False,logical_constraints,False,False,False
logicqa_094fa4ad242f,astar_only,dev,A,B,A,False,True,logical_constraints,False,False,False
logicqa_099182b98d0f,both_correct,train,A,A,A,True,True,logical_constraints,False,True,True
logicqa_09cbbbbca4eb,both_wrong,train,A,D,D,False,False,logical_constraints,False,False,False
logicqa_0ab143243a5c,both_correct,train,A,A,A,True,True,logical_constraints,False,True,True
logicqa_0b0af56b8b1d,both_correct,train,A,A,A,True,True,logical_constraints,False,True,False
logicqa_0b8cf6acbf8b,astar_only,train,A,C,A,False,True,logical_constraints,True,False,False
logicqa_0c1e82fdb3cd,both_wrong,dev,D,C,A,False,False,logical_constraints,False,False,False
logicqa_0c55eb716120,both_wrong,train,C,A,A,False,False,logical_constraints,False,False,False
logicqa_0c7e087f4f0f,both_correct,train,A,A,A,True,True,logical_constraints,False,False,False
logicqa_0c8d68e82a97,both_wrong,train,B,A,A,False,False,logical_constraints,False,False,False
logicqa_0ca24cd9f989,both_wrong,dev,B,A,A,False,False,inference_selection,False,False,False
logicqa_0e03fbcbdf2b,both_wrong,train,C,D,A,False,False,inference_selection,False,False,False
logicqa_0e068192b74c,both_wrong,dev,D,A,A,False,False,logical_constraints,False,False,False
logicqa_0ed3ef9fd502,both_wrong,train,B,C,A,False,False,logical_constraints,False,False,False
logicqa_0fa84ddc19c7,cot_only,dev,A,A,D,True,False,logical_constraints,False,False,False
logicqa_102264898723,both_wrong,train,C,A,A,False,False,logical_constraints,False,False,False
logicqa_108c6bcaa4a1,cot_only,train,B,B,C,True,False,logical_constraints,False,True,True
logicqa_1172a430b3d1,both_correct,dev,A,A,A,True,True,logical_constraints,False,False,False
logicqa_131632320e5e,both_correct,train,A,A,A,True,True,logical_constraints,False,False,False
logicqa_13aca5ce3488,both_correct,train,A,A,A,True,True,logical_constraints,False,True,False
logicqa_156a67bcb5c8,both_wrong,train,C,D,A,False,False,logical_constraints,False,False,False
logicqa_16c4764a1874,both_wrong,train,D,C,A,False,False,inference_selection,False,False,False
logicqa_17486e619aad,both_wrong,train,D,A,A,False,False,inference_selection,False,False,False
logicqa_1781eab646c8,both_wrong,train,D,C,A,False,False,logical_constraints,False,False,False
logicqa_18cb4a8bdd52,both_wrong,train,D,A,A,False,False,logical_constraints,False,False,False
logicqa_197dec147743,cot_only,train,A,A,D,True,False,logical_constraints,False,True,False
logicqa_197ff4f0865b,astar_only,train,A,B,A,False,True,logical_constraints,True,False,False
logicqa_1980fc9f7f76,astar_only,dev,A,C,A,False,True,logical_constraints,False,False,False
logicqa_199027093617,both_wrong,train,D,A,A,False,False,logical_constraints,False,False,False
logicqa_19e198379f42,both_correct,train,A,A,A,True,True,logical_constraints,False,False,False
logicqa_1af782d6273f,both_wrong,train,B,A,A,False,False,logical_constraints,False,False,False
logicqa_1b11894b7d8e,both_wrong,dev,C,A,A,False,False,inference_selection,False,False,False
logicqa_1c433cf3fdb2,both_wrong,train,C,A,A,False,False,logical_constraints,False,False,False
logicqa_1cda7d953798,cot_only,train,B,B,A,True,False,logical_constraints,False,True,False
logicqa_1cf1f5cf0756,cot_only,train,D,D,A,True,False,logical_constraints,False,True,False
logicqa_1d0bdf900708,cot_only,train,D,D,A,True,False,logical_constraints,False,True,False
logicqa_1d2f7d6a11cf,both_wrong,dev,B,A,D,False,False,logical_constraints,False,False,False
logicqa_1d31d69c8895,cot_only,train,C,C,A,True,False,logical_constraints,False,True,False
logicqa_1d55d2f4bf71,both_wrong,train,B,A,A,False,False,logical_constraints,False,False,False
logicqa_1e27176c30cc,both_wrong,train,C,A,A,False,False,inference_selection,False,False,False
logicqa_1e60365ec2dc,both_wrong,train,C,D,A,False,False,logical_constraints,False,False,False
logicqa_1fff9d0df41c,both_wrong,train,B,A,A,False,False,logical_constraints,False,False,False
logicqa_2206dfb98b2f,both_wrong,dev,B,A,A,False,False,logical_constraints,False,False,False
logicqa_2342c97a446a,both_wrong,train,C,B,A,False,False,logical_constraints,False,False,False
logicqa_238795da1279,both_wrong,train,C,A,A,False,False,logical_constraints,False,False,False
logicqa_24986823ecfa,cot_only,train,C,C,A,True,False,logical_constraints,False,True,False
logicqa_24aa50bc4790,both_wrong,dev,D,A,A,False,False,logical_constraints,False,False,False
logicqa_24ca955df8d1,both_wrong,train,D,C,A,False,False,inference_selection,False,False,False
logicqa_25d5a467ade9,astar_only,train,A,B,A,False,True,logical_constraints,True,False,False
logicqa_2635f0dd5f8c,both_wrong,train,D,A,A,False,False,logical_constraints,False,False,False
logicqa_26b576af5a2e,both_wrong,train,B,D,A,False,False,inference_selection,False,False,False
logicqa_275b574eacbb,both_wrong,train,D,A,A,False,False,logical_constraints,False,False,False
logicqa_276527db7f6b,cot_only,train,C,C,A,True,False,logical_constraints,False,False,False
logicqa_278cfebccbed,both_wrong,train,B,A,A,False,False,inference_selection,False,False,False
logicqa_294fe3fad55a,both_wrong,train,B,A,A,False,False,logical_constraints,False,False,False
logicqa_2a0156d1c9bd,both_wrong,train,D,A,A,False,False,logical_constraints,False,False,False
logicqa_2a178a817daa,cot_only,train,C,C,A,True,False,logical_constraints,False,True,False
logicqa_2a7a3e1a4a31,both_wrong,train,B,A,A,False,False,logical_constraints,False,False,False
logicqa_2afc38aae50f,cot_only,train,A,A,B,True,False,logical_constraints,False,True,False
logicqa_2b2f1ff9fae3,astar_only,train,C,A,C,False,True,logical_constraints,True,False,False
logicqa_2b352eba7500,both_correct,train,A,A,A,True,True,logical_constraints,False,True,False
logicqa_2b51a80a9c39,both_correct,train,A,A,A,True,True,logical_constraints,False,True,False
logicqa_2c7ae8b83fc0,astar_only,dev,A,D,A,False,True,logical_constraints,False,False,False
logicqa_2ce55d0d3014,both_wrong,train,C,A,A,False,False,inference_selection,False,False,False
logicqa_2ce77ec7bc49,astar_only,train,A,C,A,False,True,logical_constraints,True,False,False
logicqa_2d31dad79d28,both_wrong,train,B,D,A,False,False,logical_constraints,False,False,False
logicqa_2daa1a13a931,both_wrong,train,C,A,A,False,False,logical_constraints,False,False,False
logicqa_2db28e5ee248,both_wrong,dev,C,A,A,False,False,logical_constraints,False,False,False
logicqa_2e4b0ef4fdb6,both_wrong,train,D,A,A,False,False,logical_constraints,False,False,False
logicqa_2f3c67af7351,both_wrong,train,D,A,C,False,False,logical_constraints,False,False,False
logicqa_3137ae24a1db,astar_only,train,A,C,A,False,True,logical_constraints,True,False,False
logicqa_318b01b48cb4,astar_only,train,A,C,A,False,True,logical_constraints,True,False,False
logicqa_31eea389ac2a,both_wrong,train,B,D,A,False,False,logical_constraints,False,False,False
logicqa_33795834fb88,both_wrong,train,C,A,B,False,False,logical_constraints,False,False,False
logicqa_33a93760752e,both_correct,train,A,A,A,True,True,logical_constraints,False,True,False
logicqa_33cc92c7d5ae,both_wrong,train,B,A,D,False,False,logical_constraints,False,False,False
logicqa_34278f9207ca,astar_only,train,D,A,D,False,True,logical_constraints,True,False,False
logicqa_3499e427aec9,both_wrong,train,D,C,B,False,False,other,False,False,False
logicqa_34f49dd2da25,cot_only,train,C,C,A,True,False,logical_constraints,False,True,False
logicqa_351118ddb791,both_wrong,train,B,A,D,False,False,inference_selection,False,False,False
logicqa_353f91ca200d,both_wrong,train,D,A,A,False,False,logical_constraints,False,False,False
logicqa_3561ff93c8a6,both_wrong,train,B,A,C,False,False,logical_constraints,False,False,False
logicqa_3572ada7a331,both_wrong,train,D,A,A,False,False,logical_constraints,False,False,False
logicqa_35b68d45ce59,cot_only,train,C,C,A,True,False,logical_constraints,False,True,False
logicqa_35f17f6bdcb6,both_wrong,dev,D,A,A,False,False,inference_selection,False,False,False
logicqa_36da5750ae16,both_wrong,train,D,B,A,False,False,logical_constraints,False,False,False
logicqa_379d3ffaf4ef,cot_only,train,D,D,A,True,False,logical_constraints,False,True,False
logicqa_38130a6366b0,both_wrong,train,D,C,A,False,False,logical_constraints,False,False,False
logicqa_387c0ed81b9c,both_wrong,dev,B,C,A,False,False,logical_constraints,False,False,False
logicqa_3925c34c70f0,both_wrong,dev,C,A,A,False,False,inference_selection,False,False,False
logicqa_39e13a139e25,both_wrong,train,C,A,A,False,False,inference_selection,False,False,False
logicqa_3b11b9adc2ef,both_wrong,dev,C,A,B,False,False,logical_constraints,False,False,False
logicqa_3b7024a277df,cot_only,train,B,B,A,True,False,logical_constraints,False,True,False
logicqa_3b9906cc5f4d,both_wrong,train,A,D,D,False,False,logical_constraints,False,False,False
logicqa_3bed2fb162b0,both_wrong,train,D,A,A,False,False,logical_constraints,False,False,False
logicqa_3db4fe7303b4,both_wrong,dev,C,A,A,False,False,inference_selection,False,False,False
logicqa_3dc2e50c659a,both_correct,train,A,A,A,True,True,logical_constraints,False,True,False
logicqa_3df6f4c46249,both_wrong,train,B,A,A,False,False,inference_selection,False,False,False
logicqa_3df8bb19401f,both_wrong,train,C,B,D,False,False,inference_selection,False,False,False
logicqa_3ef9590a69ce,both_wrong,dev,D,A,A,False,False,logical_constraints,False,False,False
logicqa_3f17f499a175,both_wrong,train,D,A,A,False,False,other,False,False,False
logicqa_3fb1433eb77c,both_wrong,train,B,A,A,False,False,logical_constraints,False,False,False
logicqa_3fd1b75a5143,both_wrong,train,B,D,A,False,False,logical_constraints,False,False,False
logicqa_3ffcbc1235f4,both_wrong,train,C,A,A,False,False,inference_selection,False,False,False
logicqa_403afde80632,both_wrong,train,B,C,A,False,False,logical_constraints,False,False,False
logicqa_4045747bd58a,both_correct,dev,A,A,A,True,True,logical_constraints,False,False,False
logicqa_408be5e88056,both_wrong,train,B,A,A,False,False,logical_constraints,False,False,False
logicqa_416f6c0ef8f2,astar_only,train,A,B,A,False,True,logical_constraints,True,False,False
logicqa_4175a7363af8,both_wrong,train,B,D,A,False,False,logical_constraints,False,False,False
logicqa_41b76c9e1bac,both_wrong,train,D,A,A,False,False,logical_constraints,False,False,False
logicqa_41c74e8b3443,both_correct,dev,A,A,A,True,True,inference_selection,False,False,False
logicqa_41f69a0f46ad,both_wrong,train,D,A,A,False,False,inference_selection,False,False,False
logicqa_41f80ec3aebf,astar_only,dev,D,A,D,False,True,logical_constraints,False,False,False
logicqa_4263123e303e,both_wrong,train,B,A,A,False,False,logical_constraints,False,False,False
logicqa_4307e11a9a18,cot_only,dev,C,C,A,True,False,logical_constraints,False,False,False
logicqa_44457a372525,both_wrong,train,C,A,D,False,False,logical_constraints,False,False,False
logicqa_4567616ed1ff,both_wrong,train,C,A,A,False,False,logical_constraints,False,False,False
logicqa_46fb9bd54ae0,both_wrong,train,D,B,A,False,False,logical_constraints,False,False,False
logicqa_4917dfacbf37,both_wrong,train,D,A,A,False,False,logical_constraints,False,False,False
logicqa_4b8dbe4ca7c8,both_wrong,dev,C,B,A,False,False,inference_selection,False,False,False
logicqa_4ce56218b1e2,both_wrong,train,C,A,D,False,False,inference_selection,False,False,False
logicqa_4d1baa5681b4,cot_only,dev,A,A,B,True,False,logical_constraints,False,False,False
logicqa_4d6fe292026f,astar_only,train,D,A,D,False,True,inference_selection,True,False,False
logicqa_4d8359c69c91,cot_only,train,B,B,A,True,False,logical_constraints,False,False,False
logicqa_4db241d8818f,cot_only,train,D,D,A,True,False,logical_constraints,False,True,False
logicqa_4df125de991a,both_wrong,train,D,A,A,False,False,inference_selection,False,False,False
logicqa_4e1880528a2f,cot_only,train,D,D,A,True,False,logical_constraints,False,True,True
logicqa_4e9b9cc01cc3,both_wrong,train,B,D,A,False,False,logical_constraints,False,False,False
logicqa_4f721d580ca5,cot_only,train,D,D,A,True,False,logical_constraints,False,True,False
logicqa_4fa4a2f27d44,both_wrong,dev,D,B,A,False,False,inference_selection,False,False,False
logicqa_5024c627cd9c,both_correct,train,A,A,A,True,True,inference_selection,False,True,True
logicqa_50a89bbc3911,both_correct,train,A,A,A,True,True,inference_selection,False,True,False
logicqa_50d0e4aff73d,both_wrong,train,D,C,A,False,False,logical_constraints,False,False,False
logicqa_5127f6a68181,both_wrong,train,C,A,A,False,False,logical_constraints,False,False,False
logicqa_515d5cb9a4bd,both_wrong,train,C,A,A,False,False,logical_constraints,False,False,False
logicqa_51724df2defc,both_wrong,train,C,D,A,False,False,logical_constraints,False,False,False
logicqa_5199c5872313,both_wrong,dev,D,C,A,False,False,logical_constraints,False,False,False
logicqa_520413869e57,both_wrong,train,C,A,A,False,False,logical_constraints,False,False,False
logicqa_520abc238255,cot_only,dev,C,C,A,True,False,logical_constraints,False,False,False
logicqa_52e783ab466f,astar_only,train,A,C,A,False,True,inference_selection,True,False,False
logicqa_5442de5f0723,astar_only,train,A,D,A,False,True,logical_constraints,True,False,False
logicqa_54c83fcce371,both_wrong,train,C,A,A,False,False,logical_constraints,False,False,False
logicqa_54e9ed2bc388,both_correct,train,A,A,A,True,True,logical_constraints,False,False,False
logicqa_554cd6eb2e23,both_wrong,train,B,A,A,False,False,logical_constraints,False,False,False
logicqa_55f08f8d85e4,both_correct,train,A,A,A,True,True,logical_constraints,False,False,False
logicqa_5838cca0003a,astar_only,train,A,D,A,False,True,logical_constraints,True,False,False
logicqa_590a62b1991b,both_wrong,train,C,A,A,False,False,inference_selection,False,False,False
logicqa_5a3a551f55f4,astar_only,dev,C,A,C,False,True,logical_constraints,False,False,False
logicqa_5b3b0eabefc5,both_wrong,train,B,A,A,False,False,logical_constraints,False,False,False
logicqa_5b8db5423bff,both_wrong,train,D,A,A,False,False,inference_selection,False,False,False
logicqa_5c3d146553d5,both_wrong,dev,B,,A,False,False,other,False,False,False
logicqa_5c9164a8a45e,both_wrong,train,D,A,A,False,False,inference_selection,False,False,False
logicqa_5cdad85fe4fb,both_wrong,train,D,A,A,False,False,logical_constraints,False,False,False
logicqa_5d45d6b95890,both_correct,train,A,A,A,True,True,logical_constraints,False,True,False
logicqa_5d6841f8eb8b,both_wrong,train,C,A,A,False,False,logical_constraints,False,False,False
logicqa_5ed2ffe1e922,both_wrong,train,B,A,A,False,False,inference_selection,False,False,False
logicqa_5f12d28226e9,astar_only,train,A,C,A,False,True,logical_constraints,True,False,False
logicqa_5f1c58beac6b,both_wrong,train,B,A,A,False,False,logical_constraints,False,False,False
logicqa_604b3362d942,both_wrong,train,B,A,A,False,False,logical_constraints,False,False,False
logicqa_60fafdda009e,astar_only,train,C,A,C,False,True,logical_constraints,True,False,False
logicqa_63c631c1de2c,both_wrong,train,B,A,A,False,False,logical_constraints,False,False,False
logicqa_648e2061468c,both_wrong,train,B,A,A,False,False,logical_constraints,False,False,False
logicqa_64d0e5bb6fea,both_wrong,train,B,A,A,False,False,logical_constraints,False,False,False
logicqa_64ffac846f6d,both_wrong,dev,D,B,C,False,False,logical_constraints,False,False,False
logicqa_658f1a386f11,both_wrong,train,B,A,A,False,False,logical_constraints,False,False,False
logicqa_65cb6080d8d9,astar_only,train,A,C,A,False,True,logical_constraints,True,False,False
logicqa_661613d16cb9,cot_only,train,D,D,A,True,False,logical_constraints,False,True,False
logicqa_662ac896c8ae,both_wrong,train,C,B,A,False,False,logical_constraints,False,False,False
logicqa_66a27957445c,cot_only,train,A,A,C,True,False,logical_constraints,False,True,False
logicqa_66e950cfa1ce,both_wrong,train,C,A,A,False,False,logical_constraints,False,False,False
logicqa_67755b26c77e,both_wrong,dev,B,C,A,False,False,logical_constraints,False,False,False
logicqa_68a6c133c894,both_wrong,train,B,A,A,False,False,logical_constraints,False,False,False
logicqa_68a78aee19dd,both_wrong,train,C,A,A,False,False,logical_constraints,False,False,False
logicqa_6981171b29e0,both_wrong,train,C,A,A,False,False,logical_constraints,False,False,False
logicqa_6a069719cbbd,both_wrong,train,C,A,A,False,False,logical_constraints,False,False,False
logicqa_6b42d49e6339,both_wrong,train,D,A,A,False,False,logical_constraints,False,False,False
logicqa_6b7b86e075cd,both_wrong,train,D,A,A,False,False,logical_constraints,False,False,False
logicqa_6cc99f43f67b,both_wrong,dev,B,A,A,False,False,logical_constraints,False,False,False
logicqa_6cf3b53568db,astar_only,train,D,A,D,False,True,logical_constraints,True,False,False
logicqa_6d540f4e15dc,both_wrong,train,D,A,A,False,False,logical_constraints,False,False,False
logicqa_6db6d2f7edbf,both_wrong,train,B,A,D,False,False,logical_constraints,False,False,False
logicqa_6e83d898a3c8,cot_only,dev,D,D,A,True,False,inference_selection,False,False,False
logicqa_6fac040a9292,both_wrong,train,C,D,A,False,False,inference_selection,False,False,False
logicqa_6ff2b83ccd3d,both_wrong,train,B,A,A,False,False,inference_selection,False,False,False
logicqa_705dc2388365,cot_only,train,D,D,A,True,False,inference_selection,False,True,False
logicqa_70aced06f096,both_correct,train,A,A,A,True,True,logical_constraints,False,True,False
logicqa_70b9d0903451,both_wrong,train,D,A,A,False,False,logical_constraints,False,False,False
logicqa_713f53c59b49,both_wrong,train,C,A,A,False,False,logical_constraints,False,False,False
logicqa_715f24b2e61d,both_wrong,train,C,A,A,False,False,logical_constraints,False,False,False
logicqa_728d46e11079,astar_only,train,D,A,D,False,True,logical_constraints,True,False,False
logicqa_72b6c5009623,astar_only,train,A,D,A,False,True,other,True,False,False
logicqa_7341df0786c8,both_wrong,train,B,A,A,False,False,logical_constraints,False,False,False
logicqa_74725cf6caac,both_wrong,train,C,D,A,False,False,logical_constraints,False,False,False
logicqa_74b1072ff432,cot_only,dev,C,C,D,True,False,logical_constraints,False,False,False
logicqa_7500c7ed80fd,both_wrong,train,D,A,A,False,False,logical_constraints,False,False,False
logicqa_75bfd194cf3d,cot_only,train,D,D,A,True,False,logical_constraints,False,True,False
logicqa_76e89c1c2682,both_wrong,train,D,A,A,False,False,logical_constraints,False,False,False
logicqa_78ac8cc40416,both_correct,dev,A,A,A,True,True,logical_constraints,False,False,False
logicqa_78c31ec20189,both_wrong,train,C,A,A,False,False,logical_constraints,False,False,False
logicqa_7a4d30f142d0,both_wrong,train,D,B,A,False,False,logical_constraints,False,False,False
logicqa_7be0d58a39ac,both_wrong,dev,C,A,A,False,False,logical_constraints,False,False,False
logicqa_7d1bca244fa2,both_wrong,train,B,A,A,False,False,logical_constraints,False,False,False
logicqa_7d32efa72705,both_wrong,dev,C,A,A,False,False,logical_constraints,False,False,False
logicqa_7e546f653401,astar_only,dev,A,B,A,False,True,logical_constraints,False,False,False
logicqa_7ea4d53f9f2b,both_wrong,train,C,A,A,False,False,inference_selection,False,False,False
logicqa_7ec4f9166f49,both_wrong,train,D,A,A,False,False,inference_selection,False,False,False
logicqa_7ee1c5dc1f25,both_wrong,train,B,A,A,False,False,logical_constraints,False,False,False
logicqa_8031f6366d1e,both_wrong,train,B,A,A,False,False,logical_constraints,False,False,False
logicqa_8206ed072248,both_wrong,train,B,A,A,False,False,logical_constraints,False,False,False
logicqa_82131f210ffa,both_wrong,train,D,A,A,False,False,logical_constraints,False,False,False
logicqa_824c090bf6f4,both_wrong,dev,C,A,B,False,False,logical_constraints,False,False,False
logicqa_82d7add8f458,both_wrong,train,C,A,A,False,False,logical_constraints,False,False,False
logicqa_833838f98a71,cot_only,dev,B,B,A,True,False,logical_constraints,False,False,False
logicqa_8344f6bf9441,both_correct,train,A,A,A,True,True,inference_selection,False,True,False
logicqa_84d4209dc60d,both_wrong,train,D,A,A,False,False,logical_constraints,False,False,False
logicqa_84ef488ed2a8,both_wrong,dev,A,C,D,False,False,inference_selection,False,False,False
logicqa_855fd92ce052,both_wrong,train,B,A,A,False,False,logical_constraints,False,False,False
logicqa_866632609bd3,both_wrong,train,D,A,A,False,False,logical_constraints,False,False,False
logicqa_868b7bbc0031,both_wrong,train,D,A,A,False,False,logical_constraints,False,False,False
logicqa_8745864f7f84,astar_only,train,A,D,A,False,True,logical_constraints,True,False,False
logicqa_87b6768efcf7,both_correct,train,A,A,A,True,True,logical_constraints,False,True,False
logicqa_881c3ee47ad2,cot_only,train,C,C,A,True,False,logical_constraints,False,True,True
logicqa_88e81150db86,cot_only,train,D,D,A,True,False,inference_selection,False,True,False
logicqa_88f0795c582f,both_correct,dev,A,A,A,True,True,logical_constraints,False,False,False
logicqa_892c9108caa6,both_wrong,train,B,D,A,False,False,inference_selection,False,False,False
logicqa_8a07ace05c9c,both_correct,train,A,A,A,True,True,logical_constraints,False,True,True
logicqa_8a1f25f2a35f,both_wrong,dev,C,D,A,False,False,logical_constraints,False,False,False
logicqa_8a39135e5457,both_wrong,train,C,A,D,False,False,logical_constraints,False,False,False
logicqa_8b131a690137,both_wrong,dev,D,B,A,False,False,logical_constraints,False,False,False
logicqa_8b35a9c3a2f8,both_wrong,train,D,A,A,False,False,logical_constraints,False,False,False
logicqa_8bbaf8dee0ee,both_wrong,train,B,A,A,False,False,logical_constraints,False,False,False
logicqa_8cbfdce1f0c9,both_correct,train,A,A,A,True,True,logical_constraints,False,True,False
logicqa_8daf55c6c93d,both_wrong,train,D,A,A,False,False,inference_selection,False,False,False
logicqa_8dbbb5e707a9,both_wrong,train,B,A,A,False,False,logical_constraints,False,False,False
logicqa_8e50a53df332,both_wrong,train,D,A,A,False,False,logical_constraints,False,False,False
logicqa_8eb91d1c342f,cot_only,train,D,D,A,True,False,logical_constraints,False,True,False
logicqa_8fe7570998e1,both_wrong,train,B,A,A,False,False,logical_constraints,False,False,False
logicqa_9036d3429acc,cot_only,train,C,C,A,True,False,inference_selection,False,True,False
logicqa_9068a3f035c7,both_wrong,dev,C,A,A,False,False,logical_constraints,False,False,False
logicqa_9085ec314d41,both_wrong,train,B,D,A,False,False,logical_constraints,False,False,False
logicqa_9093bd5190b1,both_wrong,train,D,A,B,False,False,inference_selection,False,False,False
logicqa_91411da05208,both_wrong,train,B,A,A,False,False,logical_constraints,False,False,False
logicqa_91cbb2337e79,astar_only,train,B,C,B,False,True,logical_constraints,True,False,False
logicqa_921e8adc875c,both_wrong,train,D,A,A,False,False,inference_selection,False,False,False
logicqa_926239cdd1e8,both_wrong,dev,D,A,A,False,False,logical_constraints,False,False,False
logicqa_92967d20c56a,astar_only,train,A,C,A,False,True,inference_selection,True,False,False
logicqa_92cb4f59aa98,both_wrong,train,B,A,A,False,False,logical_constraints,False,False,False
logicqa_93871921aaee,both_wrong,train,C,A,D,False,False,logical_constraints,False,False,False
logicqa_93c068ea3a59,astar_only,dev,A,C,A,False,True,logical_constraints,False,False,False
logicqa_943236053467,cot_only,train,A,A,B,True,False,logical_constraints,False,True,False
logicqa_94e9599e6929,both_wrong,train,C,B,A,False,False,logical_constraints,False,False,False
logicqa_9553f9e102e6,astar_only,dev,A,C,A,False,True,logical_constraints,False,False,False
logicqa_96b622c0eb14,astar_only,train,C,A,C,False,True,other,True,False,False
logicqa_96f8bd0b695c,both_wrong,dev,B,A,A,False,False,logical_constraints,False,False,False
logicqa_97694d0aa306,both_wrong,train,B,A,D,False,False,logical_constraints,False,False,False
logicqa_97740cce71a7,cot_only,train,C,C,A,True,False,logical_constraints,False,True,False
logicqa_9783189151be,cot_only,train,B,B,A,True,False,logical_constraints,False,True,False
logicqa_98087a8e74b1,both_wrong,train,D,C,C,False,False,logical_constraints,False,False,False
logicqa_9836d4932a76,both_correct,dev,A,A,A,True,True,logical_constraints,False,False,False
logicqa_990f027223c0,both_wrong,train,D,B,A,False,False,logical_constraints,False,False,False
logicqa_995e108ffa2e,both_wrong,dev,D,A,A,False,False,logical_constraints,False,False,False
logicqa_99d0c467b5aa,both_correct,dev,A,A,A,True,True,logical_constraints,False,False,False
logicqa_9a6dee7a5e81,both_wrong,train,D,A,A,False,False,inference_selection,False,False,False
logicqa_9ad664296ea4,cot_only,train,B,B,A,True,False,logical_constraints,False,True,False
logicqa_9b7acc314a1c,both_wrong,train,B,A,A,False,False,inference_selection,False,False,False
logicqa_9c5504f791ad,both_wrong,train,B,A,A,False,False,logical_constraints,False,False,False
logicqa_9d3fbd9c201b,both_wrong,train,D,A,C,False,False,logical_constraints,False,False,False
logicqa_9e64b11c92d1,both_wrong,train,D,A,A,False,False,logical_constraints,False,False,False
logicqa_9ef2a720d38a,both_wrong,train,D,A,A,False,False,logical_constraints,False,False,False
logicqa_9f29543bfddc,both_correct,dev,A,A,A,True,True,inference_selection,False,False,False
logicqa_9f95452411ea,both_correct,train,A,A,A,True,True,logical_constraints,False,True,True
logicqa_a0171797864e,both_wrong,train,B,A,A,False,False,logical_constraints,False,False,False
logicqa_a019d696787c,both_wrong,train,C,A,A,False,False,logical_constraints,False,False,False
logicqa_a01a1989109f,both_correct,train,A,A,A,True,True,logical_constraints,False,True,False
logicqa_a07bc4c69079,cot_only,train,D,D,A,True,False,logical_constraints,False,True,False
logicqa_a150ab51e140,both_wrong,dev,B,A,D,False,False,inference_selection,False,False,False
logicqa_a15aa3a62c07,cot_only,train,D,D,A,True,False,logical_constraints,False,True,False
logicqa_a1cdcf1d4a5a,both_wrong,train,C,A,A,False,False,logical_constraints,False,False,False
logicqa_a1d846805d45,cot_only,train,D,D,A,True,False,logical_constraints,False,False,False
logicqa_a1f7f5aa243b,both_wrong,dev,C,B,A,False,False,logical_constraints,False,False,False
logicqa_a25721e7302b,both_wrong,train,C,B,A,False,False,logical_constraints,False,False,False
logicqa_a2ede8add2f5,both_wrong,train,C,B,A,False,False,logical_constraints,False,False,False
logicqa_a3a4925c1494,both_wrong,dev,C,D,A,False,False,logical_constraints,False,False,False
logicqa_a3d8a6a2da32,both_wrong,dev,D,A,B,False,False,logical_constraints,False,False,False
logicqa_a4520d4e2bee,both_wrong,train,C,A,A,False,False,logical_constraints,False,False,False
logicqa_a528e8afb105,both_wrong,train,D,A,A,False,False,logical_constraints,False,False,False
logicqa_a577ed329430,both_wrong,train,D,A,A,False,False,logical_constraints,False,False,False
logicqa_a5dab17362cb,both_wrong,train,D,A,A,False,False,logical_constraints,False,False,False
logicqa_a5e2d0e0a5d3,both_wrong,train,C,A,B,False,False,logical_constraints,False,False,False
logicqa_a6fa05c0367b,cot_only,dev,C,C,A,True,False,logical_constraints,False,False,False
logicqa_a71b5145523a,both_wrong,train,C,A,A,False,False,logical_constraints,False,False,False
logicqa_a72bde000317,both_wrong,train,A,B,D,False,False,logical_constraints,False,False,False
logicqa_a7e3498eaf22,both_wrong,train,B,A,A,False,False,logical_constraints,False,False,False
logicqa_a857dffc46b4,cot_only,train,C,C,B,True,False,logical_constraints,False,True,False
logicqa_a85a3cd0ac57,both_wrong,train,D,C,A,False,False,logical_constraints,False,False,False
logicqa_a92775504b5c,both_wrong,train,B,C,A,False,False,logical_constraints,False,False,False
logicqa_aa98e6327681,both_wrong,train,D,A,A,False,False,logical_constraints,False,False,False
logicqa_ab90513416b8,both_wrong,train,D,A,A,False,False,logical_constraints,False,False,False
logicqa_abe916cf08d3,both_wrong,train,D,A,A,False,False,logical_constraints,False,False,False
logicqa_ac10b5c2b0e5,both_wrong,train,C,D,A,False,False,logical_constraints,False,False,False
logicqa_ac8429d7a04c,cot_only,train,A,A,D,True,False,logical_constraints,False,True,False
logicqa_adec3caad17e,cot_only,train,C,C,A,True,False,logical_constraints,False,True,False
logicqa_af1393c9d532,cot_only,train,C,C,A,True,False,logical_constraints,False,True,False
logicqa_afaddcfa2874,both_wrong,train,D,A,A,False,False,logical_constraints,False,False,False
logicqa_afdee8589925,both_wrong,train,D,A,A,False,False,logical_constraints,False,False,False
logicqa_b05a4cd465cf,both_wrong,train,D,A,A,False,False,logical_constraints,False,False,False
logicqa_b10b959ad3a0,both_wrong,train,C,A,A,False,False,logical_constraints,False,False,False
logicqa_b20e5b8aed63,both_wrong,train,B,A,A,False,False,logical_constraints,False,False,False
logicqa_b215b727eb5d,both_wrong,train,D,B,A,False,False,logical_constraints,False,False,False
logicqa_b232de65151b,both_wrong,train,D,A,A,False,False,logical_constraints,False,False,False
logicqa_b256f8cdb561,both_wrong,train,B,D,D,False,False,inference_selection,False,False,False
logicqa_b38f32bac16d,both_wrong,dev,B,A,A,False,False,logical_constraints,False,False,False
logicqa_b4385d11be18,both_wrong,dev,C,A,A,False,False,logical_constraints,False,False,False
logicqa_b4434a7f6f93,both_wrong,train,D,B,A,False,False,logical_constraints,False,False,False
logicqa_b4505eb91bdb,both_wrong,train,D,A,A,False,False,inference_selection,False,False,False
logicqa_b4b896c193b7,cot_only,train,B,B,A,True,False,logical_constraints,False,True,False
logicqa_b4d75c8b5d8b,both_wrong,train,D,A,A,False,False,logical_constraints,False,False,False
logicqa_b4f272326e90,both_correct,train,A,A,A,True,True,other,False,True,False
logicqa_b59f01915ec1,both_wrong,dev,D,A,A,False,False,logical_constraints,False,False,False
logicqa_b5cd90e2d603,both_correct,train,A,A,A,True,True,logical_constraints,False,True,False
logicqa_b618a61fbd30,both_wrong,train,D,B,A,False,False,other,False,False,False
logicqa_b7663a61e01b,cot_only,dev,C,C,A,True,False,logical_constraints,False,False,False
logicqa_b80fec0c2058,both_wrong,train,B,A,C,False,False,inference_selection,False,False,False
logicqa_b9be2ff9fa81,cot_only,dev,B,B,A,True,False,inference_selection,False,False,False
logicqa_ba01956bd65b,both_wrong,train,D,A,A,False,False,logical_constraints,False,False,False
logicqa_ba91cefaeb7f,both_correct,train,A,A,A,True,True,logical_constraints,False,True,False
logicqa_bb050720145e,both_wrong,train,D,A,C,False,False,inference_selection,False,False,False
logicqa_bb0fa02c0cff,both_wrong,train,B,C,A,False,False,logical_constraints,False,False,False
logicqa_bb2866c3b4ce,both_wrong,train,C,A,B,False,False,inference_selection,False,False,False
logicqa_bb63a95c22f6,both_wrong,train,C,A,A,False,False,logical_constraints,False,False,False
logicqa_bb6718a3e062,cot_only,train,C,C,A,True,False,logical_constraints,False,True,False
logicqa_bbc21117f24e,astar_only,train,A,C,A,False,True,logical_constraints,True,False,False
logicqa_bbf286aa2a24,both_wrong,dev,B,A,A,False,False,logical_constraints,False,False,False
logicqa_bcb1f297c64f,both_correct,train,B,B,B,True,True,logical_constraints,False,True,False
logicqa_bdccda85785e,both_wrong,train,C,A,A,False,False,logical_constraints,False,False,False
logicqa_be093b012d29,both_wrong,train,B,C,A,False,False,logical_constraints,False,False,False
logicqa_be193d7ea5d6,both_correct,train,A,A,A,True,True,logical_constraints,False,False,False
logicqa_be1f92dc72c2,both_wrong,dev,C,B,A,False,False,logical_constraints,False,False,False
logicqa_bf12bb21a592,astar_only,train,A,C,A,False,True,logical_constraints,True,False,False
logicqa_bfc7584f49c7,cot_only,dev,B,B,A,True,False,logical_constraints,False,False,False
logicqa_bfdb117e2d9d,cot_only,train,A,A,B,True,False,inference_selection,False,True,False
logicqa_bff1337e184f,both_wrong,train,B,D,A,False,False,logical_constraints,False,False,False
logicqa_c081e819931e,cot_only,train,A,A,B,True,False,inference_selection,False,False,False
logicqa_c08d3d94a98b,both_wrong,train,C,A,A,False,False,logical_constraints,False,False,False
logicqa_c0a95b8292b2,both_wrong,train,D,A,A,False,False,logical_constraints,False,False,False
logicqa_c0ad3df748dc,both_wrong,train,D,A,C,False,False,logical_constraints,False,False,False
logicqa_c0c37f53f9b5,both_wrong,dev,B,A,A,False,False,logical_constraints,False,False,False
logicqa_c0cca2849e0b,both_wrong,dev,C,B,A,False,False,logical_constraints,False,False,False
logicqa_c0d25246b319,both_wrong,dev,D,B,C,False,False,logical_constraints,False,False,False
logicqa_c105f7e69a24,astar_only,train,B,A,B,False,True,logical_constraints,True,False,False
logicqa_c1f0fdac5ec0,both_wrong,dev,D,A,A,False,False,logical_constraints,False,False,False
logicqa_c20724cd18b5,astar_only,dev,C,A,C,False,True,logical_constraints,False,False,False
logicqa_c2dbe961e50e,both_wrong,train,C,D,A,False,False,logical_constraints,False,False,False
logicqa_c2e2a753e511,both_wrong,train,B,A,A,False,False,logical_constraints,False,False,False
logicqa_c2f5b59f0a48,both_wrong,train,D,C,A,False,False,logical_constraints,False,False,False
logicqa_c3843bc395d9,both_wrong,dev,D,B,A,False,False,logical_constraints,False,False,False
logicqa_c3cfc3c6769b,both_wrong,train,C,D,A,False,False,logical_constraints,False,False,False
logicqa_c421d01db266,both_wrong,dev,C,A,A,False,False,logical_constraints,False,False,False
logicqa_c42e73e87ac9,cot_only,train,A,A,D,True,False,inference_selection,False,True,False
logicqa_c4fad2d3160a,both_wrong,dev,C,A,A,False,False,logical_constraints,False,False,False
logicqa_c5604e108fc6,both_wrong,train,B,A,A,False,False,logical_constraints,False,False,False
logicqa_c5d39e70bd8e,both_wrong,train,B,A,A,False,False,logical_constraints,False,False,False
logicqa_c5d55aa1eea6,both_correct,train,A,A,A,True,True,logical_constraints,False,True,False
logicqa_c6d192b0c6f6,both_wrong,dev,D,A,A,False,False,logical_constraints,False,False,False
logicqa_c76ce3c173e8,both_wrong,train,C,A,A,False,False,logical_constraints,False,False,False
logicqa_c772f4697d38,both_correct,train,A,A,A,True,True,inference_selection,False,True,True
logicqa_c7cfefeef970,astar_only,train,A,D,A,False,True,logical_constraints,True,False,False
logicqa_c8271eeaa23c,both_wrong,train,D,A,B,False,False,logical_constraints,False,False,False
logicqa_c871afe1640c,both_wrong,train,D,A,C,False,False,logical_constraints,False,False,False
logicqa_c8825a326fba,both_correct,train,B,B,B,True,True,inference_selection,False,False,False
logicqa_ca14c950cf26,both_wrong,dev,C,A,A,False,False,other,False,False,False
logicqa_ca74ab81a7c3,astar_only,dev,C,B,C,False,True,logical_constraints,False,False,False
logicqa_caa50731b446,cot_only,train,D,D,B,True,False,inference_selection,False,True,False
logicqa_cae8d78f50c6,both_wrong,train,D,B,A,False,False,logical_constraints,False,False,False
logicqa_cbc7f21188b7,both_wrong,train,D,A,A,False,False,logical_constraints,False,False,False
logicqa_cbe372919107,both_correct,train,A,A,A,True,True,logical_constraints,False,True,False
logicqa_cc1dde93a459,both_wrong,train,B,A,A,False,False,logical_constraints,False,False,False
logicqa_ccbee4887829,both_wrong,train,D,A,A,False,False,logical_constraints,False,False,False
logicqa_ccde9b91db5b,cot_only,train,D,D,C,True,False,logical_constraints,False,True,True
logicqa_cd21b96b6e20,astar_only,train,A,C,A,False,True,logical_constraints,True,False,False
logicqa_cd4886962082,both_wrong,train,D,A,A,False,False,logical_constraints,False,False,False
logicqa_cdc82ec8c36b,both_wrong,train,B,C,A,False,False,inference_selection,False,False,False
logicqa_ce29ba051c24,astar_only,train,A,C,A,False,True,logical_constraints,True,False,False
logicqa_ce5786c01571,both_wrong,train,C,B,A,False,False,logical_constraints,False,False,False
logicqa_ced523be1981,both_wrong,train,B,A,A,False,False,logical_constraints,False,False,False
logicqa_cf037f2edb4d,both_wrong,train,C,A,A,False,False,inference_selection,False,False,False
logicqa_cf296020a71e,cot_only,dev,C,C,A,True,False,logical_constraints,False,False,False
logicqa_d00b480163ca,both_wrong,train,D,B,A,False,False,logical_constraints,False,False,False
logicqa_d016d8abe86f,both_wrong,train,D,A,A,False,False,logical_constraints,False,False,False
logicqa_d0aa62694f13,both_correct,train,A,A,A,True,True,logical_constraints,False,True,False
logicqa_d0d5e047f1c2,both_wrong,train,B,A,A,False,False,logical_constraints,False,False,False
logicqa_d0f29f10a0dc,both_wrong,train,D,A,A,False,False,inference_selection,False,False,False
logicqa_d12f0584ace0,both_wrong,train,D,A,A,False,False,logical_constraints,False,False,False
logicqa_d25e97cb9bd6,cot_only,train,C,C,A,True,False,logical_constraints,False,False,False
logicqa_d3f799a74661,both_wrong,train,C,A,A,False,False,logical_constraints,False,False,False
logicqa_d61c17caddb3,both_wrong,dev,C,A,A,False,False,inference_selection,False,False,False
logicqa_d756aef31bb5,cot_only,train,C,C,A,True,False,logical_constraints,False,True,False
logicqa_d77ad687670e,both_wrong,train,D,A,A,False,False,inference_selection,False,False,False
logicqa_d7c58d45149e,both_wrong,train,C,A,A,False,False,logical_constraints,False,False,False
logicqa_d7fc61005303,astar_only,train,A,C,A,False,True,logical_constraints,True,False,False
logicqa_d8a1d45804cc,astar_only,train,A,D,A,False,True,logical_constraints,True,False,False
logicqa_d97ba5838c27,both_wrong,train,B,A,A,False,False,logical_constraints,False,False,False
logicqa_da3d37598512,both_wrong,train,C,D,A,False,False,logical_constraints,False,False,False
logicqa_da889d59ee99,both_wrong,train,D,A,A,False,False,logical_constraints,False,False,False
logicqa_dae826317c3b,cot_only,train,C,C,D,True,False,logical_constraints,False,True,False
logicqa_dca1ee595fdd,both_wrong,train,B,D,A,False,False,logical_constraints,False,False,False
logicqa_dceb2c5fb992,both_wrong,train,B,A,C,False,False,logical_constraints,False,False,False
logicqa_dd081309e0ae,both_wrong,train,B,A,A,False,False,logical_constraints,False,False,False
logicqa_dd1e5a53f577,both_wrong,train,A,D,C,False,False,logical_constraints,False,False,False
logicqa_de4d84bb2210,both_wrong,train,B,A,A,False,False,logical_constraints,False,False,False
logicqa_deca10d9f031,astar_only,train,A,B,A,False,True,logical_constraints,True,False,False
logicqa_df16b6b3eefe,both_wrong,dev,D,C,B,False,False,logical_constraints,False,False,False
logicqa_dfbfe9290835,both_wrong,dev,C,A,A,False,False,logical_constraints,False,False,False
logicqa_dfff6ba72d94,both_wrong,train,B,A,D,False,False,logical_constraints,False,False,False
logicqa_e09013604e64,cot_only,train,D,D,A,True,False,logical_constraints,False,True,True
logicqa_e14b0d05a3b6,both_wrong,train,C,B,A,False,False,inference_selection,False,False,False
logicqa_e14fec54b338,both_wrong,train,C,D,A,False,False,logical_constraints,False,False,False
logicqa_e184d604d33b,astar_only,train,A,B,A,False,True,logical_constraints,True,False,False
logicqa_e1ae1d3e4f13,both_correct,train,A,A,A,True,True,logical_constraints,False,True,False
logicqa_e1caf466b57f,both_wrong,dev,B,A,A,False,False,logical_constraints,False,False,False
logicqa_e24d00a1966a,cot_only,train,A,A,D,True,False,logical_constraints,False,True,False
logicqa_e2b9f027e7aa,both_wrong,train,B,A,A,False,False,logical_constraints,False,False,False
logicqa_e30c6dfb1443,cot_only,train,B,B,A,True,False,inference_selection,False,True,False
logicqa_e39553d33f7d,both_wrong,train,D,A,B,False,False,logical_constraints,False,False,False
logicqa_e3c7b65830d4,astar_only,train,A,D,A,False,True,logical_constraints,True,False,False
logicqa_e3eb1ed7a088,both_wrong,dev,D,A,A,False,False,logical_constraints,False,False,False
logicqa_e5b4da940872,astar_only,train,D,C,D,False,True,logical_constraints,True,False,False
logicqa_e605024e20d6,both_wrong,dev,B,A,A,False,False,logical_constraints,False,False,False
logicqa_e74a220b6592,both_wrong,train,C,A,A,False,False,logical_constraints,False,False,False
logicqa_e7ef5d88dff5,both_wrong,train,D,A,A,False,False,logical_constraints,False,False,False
logicqa_e7f8dcc56b35,both_wrong,dev,B,A,A,False,False,logical_constraints,False,False,False
logicqa_e7fd483e8813,both_wrong,train,D,B,B,False,False,inference_selection,False,False,False
logicqa_e8c86909c99e,both_wrong,train,C,A,A,False,False,logical_constraints,False,False,False
logicqa_e9ffceb630fd,both_wrong,dev,B,A,A,False,False,logical_constraints,False,False,False
logicqa_ea09f0ac9748,both_wrong,dev,C,D,D,False,False,logical_constraints,False,False,False
logicqa_ea1f35443746,cot_only,train,D,D,A,True,False,logical_constraints,False,True,False
logicqa_ea760cfa8f08,both_wrong,train,B,A,A,False,False,logical_constraints,False,False,False
logicqa_ea9f3d6d81f7,both_wrong,train,C,A,A,False,False,logical_constraints,False,False,False
logicqa_eabaf102fff9,astar_only,train,C,A,C,False,True,logical_constraints,True,False,False
logicqa_eba8c4119fab,both_wrong,train,D,A,A,False,False,logical_constraints,False,False,False
logicqa_ebb5b701c875,both_wrong,train,B,A,A,False,False,logical_constraints,False,False,False
logicqa_ec3c2c8a0edc,both_correct,dev,A,A,A,True,True,logical_constraints,False,False,False
logicqa_eceabc947354,astar_only,train,C,A,C,False,True,inference_selection,True,False,False
logicqa_ed373e292de6,cot_only,dev,D,D,A,True,False,logical_constraints,False,False,False
logicqa_edef751dca93,cot_only,train,C,C,A,True,False,logical_constraints,False,True,False
logicqa_ee7769fbab86,both_wrong,train,B,C,A,False,False,logical_constraints,False,False,False
logicqa_eebf4bcceb7c,both_wrong,train,D,A,A,False,False,logical_constraints,False,False,False
logicqa_eec3acc4e07e,both_wrong,train,C,A,A,False,False,logical_constraints,False,False,False
logicqa_eeeff32553a2,both_wrong,train,C,A,A,False,False,logical_constraints,False,False,False
logicqa_ef19dfcfcb1f,both_wrong,train,C,A,A,False,False,logical_constraints,False,False,False
logicqa_ef5fd7bfc0fc,both_wrong,train,D,A,A,False,False,logical_constraints,False,False,False
logicqa_f0c17844c550,both_wrong,dev,B,A,A,False,False,logical_constraints,False,False,False
logicqa_f0fa5a729c2e,astar_only,train,C,A,C,False,True,logical_constraints,True,False,False
logicqa_f27b8e3bfc5e,astar_only,train,A,C,A,False,True,logical_constraints,True,False,False
logicqa_f28364ef302d,both_wrong,train,C,A,A,False,False,logical_constraints,False,False,False
logicqa_f2de30de6078,both_wrong,train,C,A,A,False,False,logical_constraints,False,False,False
logicqa_f3301589f852,both_wrong,train,D,A,A,False,False,logical_constraints,False,False,False
logicqa_f369e2ab347a,both_wrong,dev,A,D,D,False,False,logical_constraints,False,False,False
logicqa_f387c04a4aa6,cot_only,dev,B,B,A,True,False,logical_constraints,False,False,False
logicqa_f3a5399ebff5,both_correct,train,A,A,A,True,True,logical_constraints,False,True,False
logicqa_f4ae03704e2c,both_wrong,dev,B,A,A,False,False,logical_constraints,False,False,False
logicqa_f4d69efd5bcb,both_wrong,dev,B,D,C,False,False,logical_constraints,False,False,False
logicqa_f4eb76ec3d97,both_wrong,train,D,A,A,False,False,logical_constraints,False,False,False
logicqa_f555efc3165b,both_wrong,train,B,D,A,False,False,inference_selection,False,False,False
logicqa_f568b22541f0,both_correct,train,A,A,A,True,True,logical_constraints,False,False,False
logicqa_f6e83880b25b,both_correct,train,A,A,A,True,True,logical_constraints,False,True,False
logicqa_f7746adcf5d1,both_wrong,train,B,A,A,False,False,logical_constraints,False,False,False
logicqa_f78b906b64c3,both_wrong,train,D,C,A,False,False,logical_constraints,False,False,False
logicqa_f80958e015dc,both_correct,train,A,A,A,True,True,logical_constraints,False,True,False
logicqa_f88ee416caf9,both_wrong,dev,D,B,A,False,False,logical_constraints,False,False,False
logicqa_f8e73168911d,both_correct,train,A,A,A,True,True,logical_constraints,False,True,False
logicqa_f9a1bc524ce8,astar_only,train,A,D,A,False,True,inference_selection,True,False,False
logicqa_fb33d697b86f,both_wrong,train,B,D,A,False,False,logical_constraints,False,False,False
logicqa_fb4f55410871,both_wrong,train,D,A,C,False,False,logical_constraints,False,False,False
logicqa_fbce865f61c0,both_wrong,train,C,A,A,False,False,logical_constraints,False,False,False
logicqa_fc6c705cc32b,astar_only,train,A,,A,False,True,logical_constraints,True,False,False
logicqa_fd624a62c46d,both_wrong,train,C,A,A,False,False,logical_constraints,False,False,False
logicqa_fe349a2549e7,cot_only,train,A,A,D,True,False,inference_selection,False,True,False
logicqa_fea645e16718,both_wrong,train,C,B,D,False,False,logical_constraints,False,False,False
logicqa_feaa10e120d3,both_wrong,train,B,A,A,False,False,inference_selection,False,False,False
logicqa_fffbbcf88dc8,both_wrong,train,D,B,A,False,False,logical_constraints,False,False,False
